Cidade/Bairro,Anotação,Cidade,Estado,País
Darulaman,,Kabul,Kabul,Afghanistan
Ciudad Jardín Lomas del Palomar,,Buenos Aires,Buenos Aires,Argentina
La Plata,,La Plata,Buenos Aires,Argentina
La Punta,,,San Luis,Argentina
Federación,,,Entre Ríos,Argentina
Adelaide,,,South Australia,Australia
Canberra,,,Australian Capital Territory,Australia
Churchill,,,Victoria,Australia
Eaglemont,,Melbourne,Victoria,Australia
Environa,never built,Queanbeyan,New South Wales,Australia
Port Phillip,,Melbourne,Victoria,Australia
Griffith,,,New South Wales,Australia
Inala,,Brisbane,Queensland,Australia
Springfield,,Ipswich,Queensland,Australia
Joondalup,,Perth,Western Australia,Australia
Karratha,,,Western Australia,Australia
Leeton,,,New South Wales,Australia
Central Business District,,Melbourne,Victoria,Australia
Mildura,,,Victoria,Australia
Monarto,never built,,South Australia,Australia
Multifunction Polis,never built,,South Australia,Australia
Palmerston,,,Northern Territory,Australia
Yallourn,Doesnt Exists Anymore,,Victoria,Australia
St. Pölten,,,,Austria
Dhanmondi,,Dhaka,,Bangladesh
Gulshan,,Dhaka,,Bangladesh
Kawran Bazar,,Dhaka,,Bangladesh
Mirpur,,Dhaka,,Bangladesh
Motijheel,,Dhaka,,Bangladesh
Purbachal New Town,Under construction,,,Bangladesh
Uttara,,Dhaka,,Bangladesh
Navapolatsk,plan developed in 1958,,,Belarus
Salihorsk,construction began in 1958,,,Belarus
Charleroi,,,,Belgium
Louvain-la-Neuve,,Ottignies-Louvain-la-Neuve,,Belgium
Scherpenheuvel,,,,Belgium
Belmopan,,,,Belize
Gaborone,,,,Botswana
Água Boa,,,Mato Grosso,Brazil
Águas de São Pedro,,,São Paulo,Brazil
Alta Floresta,,,Mato Grosso,Brazil
Apucarana,,,Paraná,Brazil
Aracaju,,,Sergipe,Brazil
Arapongas,,,Paraná,Brazil
Ariquemes,,,Rondônia,Brazil
Belmonte,,,Santa Catarina,Brazil
Belo Horizonte,inaugurated in 1897,,Minas Gerais,Brazil
Boa Vista,,,Roraima,Brazil
Brasília,,,Distrito Federal,Brazil
Cambé,,,Paraná,Brazil
Cascavel,,,Paraná,Brazil
Cataguases,most of the town's central areas were developed according to a plan,,Minas Gerais,Brazil
Chapecó,,,Santa Catarina,Brazil
Cianorte,,,Paraná,Brazil
Colíder,,,Mato Grosso,Brazil
Curitiba,,,Paraná,Brazil
Erechim,,,Rio Grande do Sul,Brazil
Fordlândia,Doesn't exists anymore,,,Brazil
Goiânia,,,Goiás,Brazil
Governador Valadares,,,Minas Gerais,Brazil
Ilha Solteira,,,São Paulo,Brazil
Ipatinga,,,Minas Gerais,Brazil
Loanda,,,Paraná,Brazil
Londrina,,,Paraná,Brazil
Lucas do Rio Verde,,,Mato Grosso,Brazil
Maringá,,,Paraná,Brazil
Naviraí,,,Mato Grosso do Sul,Brazil
Nova Andradina,,,Mato Grosso do Sul,Brazil
Nova Londrina,,,Paraná,Brazil
Nova Mutum,,,Mato Grosso,Brazil
Palmas,,,Tocantins,Brazil
Paragominas,,,Pará,Brazil
Paranavaí,,,Paraná,Brazil
Petrópolis,,,Rio de Janeiro,Brazil
Primavera do Leste,,,Mato Grosso,Brazil
Rolândia,,,Paraná,Brazil
Salvador,,,Bahia,Brazil
Sinop,,,Mato Grosso,Brazil
Sorriso,,,Mato Grosso,Brazil
Tangará da Serra,,,Mato Grosso,Brazil
Teresina,inaugurated in 1852 from Oeiras,,Piauí,Brazil
Toledo,,,Paraná,Brazil
Três Lagoas,,,Mato Grosso do Sul,Brazil
Umuarama,,,Paraná,Brazil
Vilhena,,,Rondônia,Brazil
Dimitrovgrad,,,,Bulgaria
Batawa,,Quinte West,Ontario,Canada
Bramalea,now a part of Brampton,Brampton,Ontario,Canada
Broughton,failed,,Nova Scotia,Canada
Corner Brook,,,Newfoundland,Canada
Deep River,,,Ontario,Canada
Don Mills,now a part of Toronto,Toronto,Ontario,Canada
Erin Mills,a planned community of Mississauga,Mississauga,Ontario,Canada
Fermont,,,Quebec,Canada
Gagnon,doesn't exists anymore,,Quebec,Canada
Grand Falls-Windsor,,,Newfoundland,Canada
Grande Cache,,,Alberta,Canada
Guelph,,,Ontario,Canada
Kapuskasing,,,Ontario,Canada
Kitimat,,,British Columbia,Canada
Mount Royal,,,Quebec,Canada
New Westminster,designed by Richard Moody of the Royal Engineers to be the capital of the Colony of British Columbia,,British Columbia,Canada
Oromocto,,,New Brunswick,Canada
Pinawa,,,Manitoba,Canada
Thompson,,,Manitoba,Canada
Townsend,failed,,Ontario,Canada
Tumbler Ridge,,,British Columbia,Canada
Vaughan,,,Ontario,Canada
El Salvador,mining city,,,Chile
The forbidden City,Built to house the emperors during Ming dynasty,,,China
Tekes County,,Ili Kazakh Autonomous Prefecture,,China
Havírov,,,,Czech Republic
Zlín,,,,Czech Republic
Most (Most District),,,,Czech Republic
New Town,,Prague,,Czech Republic
Prague Castle,founded at 870,Prague,,Czech Republic
Esbjerg,replacing the Slesvig harbour towns lost by Denmark in the 1864 Second Schleswig War,,,Denmark
Fredericia,fortress town,,,Denmark
Herning,cultivation of Central Jutland moorland,,,Denmark
Nordhavn,District of Copenhagen,Copenhagen,,Denmark
Orestad,District of Copenhagen,Copenhagen,,Denmark
Al Noor City,twin city to one of the same name in Yemen,,,Djibouti
6th of October city,Giza Governarate.,,,Egypt
10th of Ramadan city,Sharqia Governarate.,,,Egypt
15 May City,Cairo Governarate.,,,Egypt
Ain Sokhna,Suez Governarate.,,,Egypt
Badr,Cairo Governarate.,,,Egypt
Borg El Arab,Alexandria Governarate.,,,Egypt
El Shorouk,Cairo Governarate.,,,Egypt
Ismailia,Ismailia Governarate.,,,Egypt
Madinaty,Cairo governorate.,,,Egypt
New Akhmim,Sohag Governarate. Didn't find at google maps,,,Egypt
New Aswan,Aswan Governarate.,,,Egypt
New Asyut,Asyut Governarate.,,,Egypt
New Beni Suef,Beni Suef Governarate.,,,Egypt
New Borg El Arab,Alexandria Governarate.,,,Egypt
New Cairo City,Cairo Governarate.,,,Egypt
New Damietta,Damietta Governarate.,,,Egypt
New Fayum,Fayum Governarate. Didn't find at google maps,,,Egypt
New Nubariya,Beheira Governarate.,,,Egypt
New Qena,Qena Governarate. Almost none streets,,,Egypt
New Salhia,Sharqia Governarate.,,,Egypt
New Tiba,Luxor Governarate.,,,Egypt
Obour city,Qalubyia Governarate.,,,Egypt
Port Fuad,Port said Governarate.,,,Egypt
Port Tewfik,Suez Governarate,,,Egypt
Ras El Bar,Damietta Governarate.,,,Egypt
Ras Sedr,South Sinai Governarate.,,,Egypt
Sharm El Sheikh,South Sinai Governarate.,,,Egypt
Sheikh Zayed,Giza Governarate.,,,Egypt
New Administrative Capital,Under Construction,,,Egypt
New Alamain,Under Construction,,,Egypt
New Ismailia,Under Construction,,,Egypt
El Galala,Under Construction,,,Egypt
Memphis,Ancient City. The city and capital of ancient Egypt. It was built by king Narmer around 3150 B.C.,,,Egypt
Akhetaten,A city built by order of the Pharaoh Akhenaten in the 14th Century B.C. It was the capital of Egypt in his reign.,,,Egypt
Pithom,A city built by order of the Pharaoh Ramesses II in the 13th Century B.C.,,,Egypt
Pi-Ramesses,Another city built by order of Ramesses II In the 13th Century B.C. It was the capital of Egypt in his reign and it was the first city to exceed 100 000 in the history of Egypt. At its peak,,,Egypt
Heracleion,A city built in the 12th Century B.C. The city had been a major port in ancient Egypt before it subsided below sea level.,,,Egypt
Alexandria,A city built by order of Alexander the Great in the 4th Century B.C. It was the first city in Egypt to have a population of half million.,,,Egypt
Berenice Troglodytica,A city built on the Red Sea coast in the 3rd Century B.C. by Ptolemy I.,,,Egypt
Fustat,A city built around 7th century CE by order of 'Amr ibn al-'As when he conquered Egypt to be its capital,,,Egypt
al-Askar,the capital of Egypt during the rule of Tulunide Dynasty.,,,Egypt
al-Qata'i,Capital of Egypt during Ikhshid Dynasty.,,,Egypt
Cairo,was built in 10th century CE By the Fatimid Caliph Al Muizz.,,,Egypt
Paldiski,,,,Estonia
Võru,,,,Estonia
Hamina,,,,Finland
Rovaniemi,,,,Finland
Tapiola,,Espoo,Uusimaa,Finland
Hautepierre,a district within Strasbourg,Strasbourg,,France
La Grande-Motte,,,,France
Villeneuve d'Ascq,,,,France
Isle d'Abeau,,,,France
Aigues-Mortes,,,,France
Fos-sur-Mer,,,,France
Berre-l'Étang,,,,France
Neuf-Brisach,,,Alsace,France
Cergy-Pontoise,,,,France
Évry,,Évry-Courcouronnes,,France
Marne-la-Vallée,,,,France
Saint-Quentin en Yvelines,,,,France
Sénart,,,,France
Versailles,,,,France
Le Vésinet,,,,France
Val-de-Reuil,,,,France
Royal Saltworks,,Arc-et-Senans,Franche-Comté,France
Le Touquet,,Le Touquet-Paris-Plage,,France
Bremerhaven,,,Bremen,Germany
Eisenhüttenstadt,,,Brandenburg,Germany
Espelkamp,,,North Rhine Westphalia,Germany
Freudenstadt,,,Baden-Württemberg,Germany
Geretsried,,,Bavaria,Germany
Glückstadt,,,Schleswig-Holstein,Germany
Hellerau,Doesn't seems too planned,Dresden,Saxony,Germany
Karlsruhe,,,Baden-Württemberg,Germany
Ludwigslust,,,Mecklenburg-Vorpommern,Germany
Mannheim,,,Baden-Württemberg,Germany
Marienberg,,,Saxony,Germany
Neutraubling,,,Bavaria,Germany
Putbus,,,Mecklenburg-Vorpommern,Germany
Salzgitter,,,Lower Saxony,Germany
Sennestadt,,Bielefeld,North Rhine Westphalia,Germany
Traunreut,,,Bavaria,Germany
Waldkraiburg,,,Bavaria,Germany
Welthauptstadt Germania,Failed,,,Germany
Wilhelmshaven,,,Lower Saxony,Germany
Wolfsburg,,,Lower Saxony,Germany
Tema,,,,Ghana
Amaliada,,,,Greece
Aspra Spitia,,,,Greece
Aspropyrgos,,Athens,,Greece
Skala Oropou,,Oropos,,Greece
Ancient Olympia,,,,Greece
Ermoupoli,,,,Greece
Rhodes,,,,Greece
Nafplio,,,,Greece
Elefsis,,,,Greece
Rokkos,Didn't find at google,,,Greece
Panagiouda,,,,Greece
Patra,,,,Greece
Serres,,,,Greece
Sparta,,,,Greece
Thessaloniki,,,,Greece
Athens,Redesigned in 1834 as the new Greek capital.,,,Greece
Ioannina,,,,Greece
Kalamata,,,,Greece
Lavrio,,,,Greece
Nea Peramos,,Megara,,Greece
Nea Makri,,,,Greece
Nea Moudania,,,,Greece
Porto Rafti,,,,Greece
Rafina,,,,Greece
Thebes,,,,Greece
Herakleion,,,,Greece
Hania,,,,Greece
Kalamata,,,,Greece
Corinth,,,,Greece
Nea Fokea,,Anavyssos,,Greece
Fanling-Sheung Shui,,,,Hong Kong
Shui New Town,,,,Hong Kong
North East New Territories,Didn't find at google,,,Hong Kong
North Lantau New Town,,,Tung Chung,Hong Kong
North West New Territories,Didn't find at google,,,Hong Kong
Sha Tin New Town,,Sha Tin Town,,Hong Kong
Tai Po New Town,,Tai Po Town,,Hong Kong
Tin Shui Wai New Town,,,,Hong Kong
Tseung Kwan O New Town,,,,Hong Kong
Tsuen Wan New Town,,Tsuen Wan Town,,Hong Kong
Tuen Mun New Town,,Tuen Mun Town,,Hong Kong
Yuen Long New Town,,Yuen Long Town,,Hong Kong
Dunaújváros,,,Fejér,Hungary
Kazincbarcika,,,Borsod-Abaúj-Zemplén,Hungary
Oroszlány,,,Komárom-Esztergom,Hungary
Salgótarján,,,Nógrád,Hungary
Tatabánya,,,Komárom-Esztergom,Hungary
Tiszaújváros,,,Borsod-Abaúj-Zemplén,Hungary
Amaravati,,,Andhra Pradesh,India
Bongaigaon,,,Assam,India
Dibrugarh,,,Assam,India
Dispur,,,Assam,India
Tinsukia,,,Assam,India
Patna,Doesn't seems too planned,,Bihar,India
Barauni,,,Bihar,India
Bhagalpur,Doesn't seems too planned,,Bihar,India
Chandigarh,,,Chandigarh,India
Atal Nagar-Nava Raipur,(Naya Raipur),,Chhattisgarh,India
Bhilai,,,Chhattisgarh,India
New Delhi,,,Delhi,India
Dwarka,,,Delhi,India
Gandhinagar,,,Gujarat,India
GIFT City,Under construction,,Gujarat,India
Dholera SIR,,,Gujarat,India
DREAM City,Under construction,,Gujarat,India
Gurugram,,,Haryana,India
Panchkula,,,Haryana,India
Bilaspur,,,Himachal Pradesh,India
Bokaro,,,Jharkhand,India
Jamshedpur,,,Jharkhand,India
Hazaribagh,,,Jharkhand,India
Mysore,,,Karnataka,India
Navanagar,,,Karnataka,India
Kozhikode,,,Kerala,India
Indore,,,Madhya Pradesh,India
New Mumbai,a satellite city of Mumbai. Largest planned city in the world,,Maharashtra,India
Dhule,,,Maharashtra,India
Lavasa,,,Maharashtra,India
NAINA,Didn't find at google,,Maharashtra,India
Bhubaneswar,,,Odisha,India
Rourkela,,,Odisha,India
Balangir,,,Odisha,India
Puducherry,,,Puducherry,India
Auroville,Pondicherry founded in 1968,,Puducherry,India
Mohali,,,Punjab,India
Nangal,,,Punjab,India
Naya Nangal,,,Punjab,India
Jaipur,,,Rajasthan,India
Sri Ganganagar,planned and founded in 1727 by Maharaja Jai Singh II,,Rajasthan,India
Udaipur,,,Rajasthan,India
Chennai,the Old Madras City was built by the British around 18th century.,,Tamil Nadu,India
Madurai,,,Tamil Nadu,India
Trichy,,,Tamil Nadu,India
Thanjavur,Brihadisvara Temple was built by Rajaraja Chola in 17th century.,,Tamil Nadu,India
Srirangam,Ranganathaswamy Temple,Tiruchirappalli,Tamil Nadu,India
Hyderabad,built around 16th century.,,Telangana,India
Allahabad,,,Uttar Pradesh,India
Fatehpur Sikri,,,Uttar Pradesh,India
Greater Noida,,,Uttar Pradesh,India
Noida,,,Uttar Pradesh,India
New Kanpur City,,,Uttar Pradesh,India
New Tehri,,,Uttarakhand,India
Bidhannagar,,Kolkata,West Bengal,India
Calcutta Riverside,,,West Bengal,India
Cooch Behar,,,West Bengal,India
Berhampore,,,West Bengal,India
Bardhaman,,,West Bengal,India
Durgapur,,,West Bengal,India
Kharagpur,,,West Bengal,India
Rajarhat Gopalpur,,Kolkata,West Bengal,India
Kalyani,,,West Bengal,India
Ashoknagar Kalyangarh,,,West Bengal,India
New Jalpaiguri,Doesn't seems too planned,,West Bengal,India
Bandung,,,West Java,Indonesia
Palangkaraya,,,Central Kalimantan,Indonesia
Batam,,,Riau Islands,Indonesia
Tanjung Selor,,,North Kalimantan,Indonesia
Mamuju,,,West Sulawesi,Indonesia
Sofifi,,,North Maluku,Indonesia
Maja,,,Banten,Indonesia
Dompak,,,Riau Islands,Indonesia
BSD City,,,Banten,Indonesia
Nusantara,Proposed,,,Indonesia
Ali Shahr,,,,Iran
Alavicheh,,,,Iran
Andisheh,,,,Iran
Baharestan,,,,Iran
Binalood,,,,Iran
Fuladshahr,,,,Iran
Hashtgerd,,,,Iran
Mohajeran,,,,Iran
Parand,,,,Iran
Pardis,,,,Iran
Ramshar,,,,Iran
Sadra,,,,Iran
Sahand,,,,Iran
Shahin Shahr,,,,Iran
Shahriar,Under Construction,,East Azerbaijan,Iran
Golbahar,,,,Iran
Shirin Shahr,,,,Iran
Ardashir-Khwarrah,Ancient,,,Iran
Round city of Baghdad,Ancient,,,Iraq
Adamstown,Under construction,Dublin,,Ireland
Cherrywood,Under construction,Dublin,,Ireland
Shannon Town,,,County Clare,Ireland
Tyrrelstown,,Dublin,,Ireland
Westport,,,,Ireland
Acre,,,,Israel
Afula,,,,Israel
Arad,,,,Israel
Ariel,,,,Israel
Ashdod,,,,Israel
Ashkelon,,,,Israel
Beersheba,,,,Israel
Bet She'an,,,,Israel
Bet Shemesh,,,,Israel
Betar Illit,,,,Israel
Caesarea,,,,Israel
Dimona,,,,Israel
Eilat,,,,Israel
Hazor HaGelilit,,,,Israel
Karmiel,,,,Israel
Kiryat Gat,,,,Israel
Kiryat Malakhi,,,,Israel
Kiryat Shmona,,,,Israel
Ma'ale Adummim,,,,Israel
Maalot Tarshiha,,,,Israel
Mitzpe Ramon,,,,Israel
Modi'in,,,,Israel
Nahariya,,,,Israel
Nazareth Illit,,,,Israel
Netivot,,,,Israel
Ofakim,,,,Israel
Or Akiva,,,,Israel
Safed,,,,Israel
Sderot,,,,Israel
Tiberias,,,,Israel
Yeruham,,,,Israel
Salle,,,,Italy
Salvo Marina,,San Salvo,,Italy
Bosco Salice,Didn't find at google,,,Italy
Centro Colonico Villaggio Marconi,Didn't find at google,,,Italy
Policoro,,,,Italy
Scanzano Jonico,,,,Italy
Sant'Eufemia Lamezia,,,,Italy
Sibari,,,,Italy
Thurio,Ancient,,,Italy
Villaggio Frasso,,,,Italy
Villapiana Scalo,Very small,,,Italy
Borgo Appio,Very small,,,Italy
Borgo Domitio,,,,Italy
Breuil-Cervinia,,Valtournenche,,Italy
Farinia,Very small,,,Italy
Licola,,Pozzuoli,,Italy
Anita,Didn't find at google,,,Italy
Milano Marittima,,,,Italy
Tresigallo,,,,Italy
Volania,Very small,,,Italy
Borgo Brunner,Very small,,,Italy
Fossalon,Very small,,,Italy
Palmanova,,,,Italy
Punta Sdobba,Very small,,,Italy
Torviscosa,,,,Italy
Lignano Sabbiadoro,,,,Italy
Acilia,,Rome,,Italy
Aprilia,,,,Italy
Guidonia,,,,Italy
Latina,,,,Italy
Maccarese,,,,Italy
Pomezia,,,,Italy
Pontinia,,,,Italy
Rome,,,,Italy
Sabaudia,,,,Italy
San Cesareo,,,,Italy
Milano 2,,Segrate,,Italy
Milano 3,Didn't find at google,,,Italy
Metaurilia,Didn't find at google,,,Italy
Nuova Cliternia,Very small,,,Italy
Borgo Cervaro,Very small,,,Italy
Borgo Giardinetto,Very small,,,Italy
Borgo Grappa,Very small,,,Italy
Borgo Mezzanone,Very small,,,Italy
Borgo Perrone,Very small,,,Italy
Borgo Piave,Very small,,,Italy
Cardigliano,,,,Italy
Incoronata,Very small,,,Italy
Ginosa Marina,,Ginosa,,Italy
Montegrosso,Very small,,,Italy
Porto Cesareo,,,,Italy
Segezia,Very small,,,Italy
Siponto,,Manfredonia,,Italy
Tavernola,Doesn't seems planned,,,Italy
Arborea,,,,Italy
Campo Giavesu,Didn't find at google,,,Italy
Carbonia,,,,Italy
Cortoghiana,,,,Italy
Fertilia,,Alghero,,Italy
Linnas,Didn't find at google,,,Italy
Pompongias,Very small,,,Italy
Sassu,Didn't find at google,,,Italy
Strovina,Very small,,,Italy
Tanca Marchesa,Very small,,,Italy
Torrevecchia,Very small,,,Italy
Tramariglio,Very small,,,Italy
Villaggio Calik,Didn't find at google,,,Italy
Grammichele,,,,Italy
Alberese,,,,Italy
Albinia,,,,Italy
Calambrone,,,,Italy
Macchiascandona,Very small,,,Italy
Pienza,,,,Italy
Spergolaia,Very small,,,Italy
Tirrenia,,Pisa,,Italy
Candiana,,,,Italy
Yamoussoukro,,,,Ivory Coast
Sapporo,,,,Japan
Oshu,,Iwate,Hokkaido,Japan
Izumi-ku,,Sendai,Hokkaido,Japan
Tomiya,,Miyagi,Hokkaido,Japan
Tsukuba,,Ibaraki,Hokkaido,Japan
Saitama New Urban Center,,Saitama,Hokkaido,Japan
Tama,,,Tokyo,Japan
Kunitachi,,,Tokyo,Japan
Mihama-ku,,Chiba,Tokyo,Japan
Kamakura,,,Kanagawa,Japan
Minato Mirai 21,,Yokohama,,Japan
Sagamihara,,,,Japan
Nagoya,,,,Japan
Koka,,,Shiga,Japan
Kyoto,,,,Japan
Kyotanabe,,,,Japan
Nara,,,,Japan
Tenri,,,Nara,Japan
Sakurai,,,Nara,Japan
Koryo,,,Nara,Japan
Kibi Plateau city,Didn't find at google,,,Japan
Osaka,,,,Japan
Sakai,,,Osaka,Japan
Kobe,,,,Japan
Hiroshima,,,,Japan
Fukuoka,,,Fukuoka,Japan
Dazaifu,,,Fukuoka,Japan
Naha,,,Okinawa,Japan
Shuri,,Naha,,Japan
Tsukuba Science City,,,,Japan
Kashiwanoha,,,,Japan
Harima Science Garden City,,,,Japan
Kitakyushu,,,,Japan
Miyazaki,,,,Japan
Sweden Hills,,,,Japan
Eniwa New Town Megumino,Didn't find at google,,,Japan
Joso,,,,Japan
Tsukuba,,,,Japan
Musashi Ryoku-en Toshi,Didn't find at google,,,Japan
Koshigaya,,,,Japan
Tama Den-en Toshi,Didn't find at google,,,Japan
Keikyu,Didn't find at google,,,Japan
Tama New Town,,,,Japan
Chiba,,,,Japan
Makuhari Bay Town,,Chiba,,Japan
Yukarigaoka,,,,Japan
Kozoji,,,,Japan
Nagaoka,,,,Japan
Senri New Town,,Osaka,,Japan
Senboku New Town,,,,Japan
International culture park city Saito,Didn't find at google,,,Japan
Seifu Shinto,Didn't find at google,,,Japan
Astana,,,,Kazakhstan
Nurkent,Under construction,,,Kazakhstan
Konza Technopolis,Planned,,,Kenya
Qanafar City,Planned,,,Lebanon
Visaginas,,,,Lithuania
Elektrėnai,,,,Lithuania
Bandar Baru Bangi,,,Selangor,Malaysia
Bandar Tun Razak,,,Kuala Lumpur,Malaysia
Cyberjaya,,,Selangor,Malaysia
Iskandar Puteri,part of the Iskandar Malaysia project,,Johor,Malaysia
Kuala Kubu Bharu,,,Selangor,Malaysia
Petaling Jaya,,,Selangor,Malaysia
Putrajaya,,,,Malaysia
Penang,Is a state,,,Malaysia
Petra Jaya,,Kuching,Sarawak,Malaysia
Shah Alam,,,Selangor,Malaysia
Subang Jaya,,,Selangor,Malaysia
Valletta,,,,Malta
Senglea,,,,Malta
SmartCity,Under construction,Kalkara,,Malta
Colombia,,,Nuevo León,Mexico
Guadalajara,,,Jalisco,Mexico
Mexico City,,,Federal District,Mexico
Nuevo Laredo,,,Tamaulipas,Mexico
Puebla,,,Puebla,Mexico
Veracruz,,,Veracruz,Mexico
Altavista de Ramos,,,Jalisco,Mexico
Cancún,,,Quintana Roo,Mexico
Ciudad Bugambilias,,Zapopan,Jalisco,Mexico
Delicias,,,Chihuahua,Mexico
Ensenada,,,Baja California,Mexico
Hacienda Santa Fe,,Tlajomulco de Zúniga,Jalisco,Mexico
Puerto Penasco,,,Sonora,Mexico
Fontvieille,started 1971 and finished in the early 1980s,,,Monaco
Le Portier,Under construction,Fontvielle,,Monaco
Naypyidaw,,,,Myanmar
Almere,,,,Netherlands
Capelle aan den IJssel,,,,Netherlands
Dronten,,,,Netherlands
Emmeloord,,,,Netherlands
Emmen,,,,Netherlands
Den Helder,,,,Netherlands
Haarlemmermeer,,,,Netherlands
Hellevoetsluis,,,,Netherlands
Lelystad,,,,Netherlands
Nieuwegein,,,,Netherlands
Purmerend,,,,Netherlands
Spijkenisse,,,,Netherlands
Zeewolde,,,,Netherlands
Zoetermeer,,,,Netherlands
Pegasus Town,,,,New Zealand
Turangi,,,,New Zealand
Twizel,,,,New Zealand
Abuja,,,,Nigeria
Banana Island Lagos,,,,Nigeria
Bonny Island,,,Lagos,Nigeria
Centenary City,Planned,,,Nigeria
Eko Atlantic City,Under construction,,,Nigeria
Festac Town Lagos,,,,Nigeria
Greater Port Harcourt,Under construction,,,Nigeria
Ikeja,,,Lagos,Nigeria
Lekki,,,Lagos,Nigeria
Victoria Island,,,Lagos,Nigeria
Al Duqm,Under construction,,,Oman
Gwadar,,,,Pakistan
Bahria Enclave,,Islamabad,,Pakistan
Bahria Town Rawalpindi,,Islamabad,,Pakistan
Capital Smart City,Didn't find at google,Islamabad,,Pakistan
DHA Islamabad,,Islamabad,,Pakistan
New Murree,near Islamabad,,,Pakistan
Bahria Town Karachi,,Karachi,,Pakistan
Bodha Island City,,,,Pakistan
Crescent Bay,Under construction,,Karachi,Pakistan
DHA City,,Gadap,,Pakistan
Lahore,,,,Pakistan
Bahria Town,,,Lahore,Pakistan
LDA City,,,Lahore,Pakistan
River Ravifront,,,,Pakistan
Bahria Town,,,Nawabshah,Pakistan
Rawabi,Under construction,,,Palestine
Baguio,,,,Philippines
General Santos,,,,Philippines
Koronadal City,,,,Philippines
Manila,Planned according to the Laws of the Indies during the Spanish Colonial Period. Towns and parishes surrounding Spanish Manila (Intramuros) grew following the contour of Pasig River or organically. By the late 19th Century this town and parishes were absorbed to create the city of Manila planned by American architect Daniel Burnham. However,,,Philippines
New Clark City,,,,Philippines
Palayan,,,,Philippines
Quezon City,,,,Philippines
Samal,,,Davao del Norte,Philippines
Borne Sulinowo,former German military base then Soviet secret city and since 1993 Polish town,,,Poland
Elblag,,,,Poland
Gdynia,,,,Poland
Lódz,,,,Poland
Nowa Huta,showpiece of Polish socialist realist-era urban planning; now incorporated into the royal city of Kraków,,,Poland
Tychy Nowe Tychy,,,New Tychy,Poland
Ursynów,,Warsaw,,Poland
Zamosc,,,,Poland
Braga,16th-century expansion,,,Portugal
Espinho,19th century,,,Portugal
Lisbon,reconstruction of downtown after the 1755 Lisbon earthquake. Some other buildings and structures of the city survived or suffered only partial or small degree of damage.,,,Portugal
Nisa,medieval town,,,Portugal
Porto Covo,18th century,,,Portugal
Vila Nova de Santo André,20th century,,,Portugal
Vila Real de Santo Antônio,18th century,,,Portugal
Lusail,,,,Qatar
Alexandria,,,,Romania
Drobeta-Turnu Severin,,,,Romania
Turnu Magurele,,,,Romania
Victoria,,,,Romania
Akademgorodok,,Novosibirsk,,Russia
Anapa,,,,Russia
Ekaterinburg,,,,Russia
Kizlyar,,,,Russia
Korolyov,,,,Russia
Kronstadt,,,,Russia
Magnitogorsk,,,,Russia
Moscow,have original round plan,,,Russia
Mozdok,,,,Russia
Naberezhnye Chelny,,,,Russia
Orenburg,,,,Russia
Protvino,,,,Russia
Rostov on Don,,,,Russia
Saint Petersburg,,,,Russia
Toliatti,,,,Russia
Zelenograd,,,,Russia
Jubail,,,,Saudi Arabia
King Abdullah Economic City,Under construction,,some stages completed; scheduled 2020 completion,Saudi Arabia
Prince Abdulaziz Bin Mousaed Economic City,Under construction,,,Saudi Arabia
Yanbu,,,,Saudi Arabia
NEOM,Under construction,,,Saudi Arabia
Bor,,,,Serbia
Kikinda,,,,Serbia
Majdanpek,,,,Serbia
Novi Beograd,,,,Serbia
Chai Chee,,Bedok,,Singapore
MacPherson,,Geylang,,Singapore
Queenstown,,,,Singapore
Tiong Bahru,,,,Singapore
Toa Payoh,,,,Singapore
Ang Mo Kio,,,,Singapore
Bedok,,,,Singapore
Bukit Timah,Farrer Road,,,Singapore
Clementi,,,,Singapore
Dover,,Queenstown,,Singapore
Geylang East,Sims Drive Jalan Eunos and Haig Road,Geylang,,Singapore
Hillview,,,,Singapore
Hougang,,,,Singapore
Kallang,Kallang Basin and St George,,,Singapore
Marine Parade,,,,Singapore
Marsiling,,Woodlands,,Singapore
Ghim Moh,,Queenstown,,Singapore
Holland Village,,Queenstown,,Singapore
Teck Whye,Didn't find at google,,,Singapore
Telok Blangah,,,,Singapore
Kaki Bukit,Didn't find at google,,Bedok,Singapore
Bishan,,,,Singapore
Bukit Batok,,,,Singapore
Bukit Panjang,,,,Singapore
Bukit Timah,,,Toh Yi,Singapore
Hougang,,,,Singapore
Jurong East,,,,Singapore
Jurong West,including Nanyang,,,Singapore
Kallang,McNair,,,Singapore
Kembangan,,,,Singapore
Potong Pasir,,,,Singapore
Serangoon,,,,Singapore
Simei,,,,Singapore
Tampines,,,,Singapore
Toa Payoh,Upper Aljunied,,,Singapore
Ubi,,Geylang,,Singapore
Woodlands,,,,Singapore
Choa Chu Kang,,,,Singapore
Jurong West,,,,Singapore
Sembawang,,,,Singapore
Sengkang,,,,Singapore
Marina Bay,,,,Singapore
Punggol,,,,Singapore
Bidadari,,,,Singapore
Punggol Northshore,,,,Singapore
Simpang,,,,Singapore
Tampines North,,,,Singapore
Tengah,,,,Singapore
Nová Dubnica,,,,Slovakia
Partizánske,,,,Slovakia
Petrzalka,,Bratislava,,Slovakia
Svit,,,,Slovakia
Nova Gorica,,,,Slovenia
Velenje,,,,Slovenia
Sasolburg,,,Free State,South Africa
Welkom,,,Free State,South Africa
Queenstown,,,Eastern Cape,South Africa
Ansan,,,,South Korea
Bundang,,,,South Korea
Changwon,,,,South Korea
Gwacheon,,,,South Korea
Sejong City,proposed multifunctional administrative city,,,South Korea
Songdo,,,,South Korea
Badia del Vallès,,,Barcelona,Spain
La Carolina,,,,Spain
Nuevo Baztán,,,,Spain
Tres Cantos,,,,Spain
Falköping,,,Västergötland,Sweden
Gothenburg,,,Västergötland,Sweden
Hässleholm,,,Scania,Sweden
Jakriborg,,Hjärup,Scania,Sweden
Karlshamn,,,Blekinge,Sweden
Karlskrona,,,Blekinge,Sweden
Kiruna,,,Lapland,Sweden
Kristianstad,,,Scania,Sweden
Nässjö,,,Smaland,Sweden
Stockholm,,,Södermanland,Sweden
Farsta,,Stockholm,,Sweden
Skarpnäcksfältet,,Stockholm,Södermanland,Sweden
Vällingby,,Stockholm,,Sweden
La Chaux-de-Fonds,,,,Switzerland
Zhongxing New Village,,Nantou,Nantou County,Taiwan
Danhai New Town,,New Taipei City,,Taiwan
Ciaotou New Town,,Kaohsiung City,,Taiwan
Ankara,,,,Turkey
Antalya,,,,Turkey
Atça,,,,Turkey
Erzincan,,,,Turkey
Istanbul,,,,Turkey
Konya,,,,Turkey
Kayseri,,,,Turkey
Konya,,,,Turkey
Miletus,Ancient,,,Turkey
Slavutych,built to replace Pripyat,,,Ukraine
Mariupol,,,,Ukraine
Newton Aycliffe,,,,England
Barrow-in-Furness,,,,England
Basildon,,,,England
Bracknell,,,,England
Chorley,,,,England
Corby,,,,England
Crawley,,,,England
Harlow,,,,England
Hatfield,,,,England
Hemel Hempstead,,,,England
Letchworth Garden City,,,,England
Milton Keynes,New City,,,England
Northampton,,,,England
Peterborough,(Already a city),,,England
Peterlee,,,,England
Poundbury,,,,England
Redditch,,,,England
Runcorn,,,,England
Skelmersdale,,,,England
Stevenage,,,,England
Telford,,,,England
Warrington,,,,England
Washington,,,,England
Welwyn Garden City,,,,England
Antrim,,,,Northern Ireland
Ballymena,,,,Northern Ireland
Craigavon,,,,Northern Ireland
Londonderry,,,,Northern Ireland
Cumbernauld,,,,Scotland
East Kilbride,,,,Scotland
Fochabers,,,,Scotland
Glenrothes,,,,Scotland
Inveraray,,,,Scotland
Irvine,,,,Scotland
Livingston,,,,Scotland
Pulteneytown,,,,Scotland
Tornagrain,,,,Scotland
Ullapool,,,,Scotland
Cwmbran,,,,Wales
Newtown,,,,Wales
Annapolis,,,Maryland,United States
Augusta,,,Georgia,United States
Charleston,,,South Carolina,United States
Columbia,,,South Carolina,United States
Holyoke,,,Massachusetts,United States
Mobile,,,Alabama,United States
New Haven,the first planned city in America; designed in 1638,,Connecticut,United States
New Orleans,,,Louisiana,United States
Philadelphia,,,Pennsylvania,United States
Raleigh,,,North Carolina,United States
Richmond,,,Virginia,United States
Rogersville,,,Tennessee,United States
Savannah,,,Georgia,United States
Washington,,,D.C.,United States
Williamsburg,,,Virginia,United States
Wilmington,,,North Carolina,United States
Winston-Salem,planned by the Moravians; later merged with Winston,,North Carolina,United States
Amarillo,,,Texas,United States
Austin,,,Texas,United States
Back Bay,section of Boston,Boston,Massachusetts,United States
Brownsville,,,Texas,United States
Buffalo,,,New York,United States
Corpus Christi,,,Texas,United States
Dallas,,,Texas,United States
DuPont,,,Washington,United States
Fort Worth,,,Texas,United States
Glendale,,,Ohio,United States
Houston,,,Texas,United States
Huntington,,,West Virginia,United States
Indianapolis,,,Indiana,United States
Llewellyn Park,,West Orange,New Jersey,United States
Manchester,,,New Hampshire,United States
Manhattan,New York City originated in the 1620s without a master plan but the Commissioners' Plan of 1811 defined the street layout for the borough north of Houston Street.,New York City,New York,United States
Memphis,a grid plan with a public promenade along the Mississippi River and four designated public squares; surveyed in 1819,,Tennessee,United States
Midland,,,Texas,United States
Milledgeville,,,Georgia,United States
New Plymouth,,,Idaho,United States
Parksley,,,Virginia,United States
Pullman,,Chicago,Illinois,United States
Riverside,,,Illinois,United States
San Antonio,,,Texas,United States
Salt Lake City,,,Utah,United States
Shreveport,,,Louisiana,United States
St. Petersburg,,,Florida,United States
Tallahassee,,,Florida,United States
Tampa,,,Florida,United States
Topeka,,,Kansas,United States
Vandergrift,,,Pennsylvania,United States
Atascadero,,,California,United States
Avondale Estates,,,Georgia,United States
Baldwin Hills Village,,,California,United States
Cerritos,,,California,United States
Chatham Village,,,Pittsburgh,United States
Commerce,,,California,United States
Coral Gables,,,Florida,United States
Dundalk,,,Maryland,United States
Fairfield,,,Alabama,United States
Highland Park,,,Texas,United States
Industry,,,California,United States
Kingsport,,,Tennessee,United States
Las Vegas,,,Nevada,United States
Longview,,,Washington,United States
Mariemont,,,Ohio,United States
Minden,,,Nevada,United States
Mountain Lakes,,Morris County,New Jersey,United States
Radburn,,Fair Lawn,New Jersey,United States
Roland Park,,Baltimore,Maryland,United States
Shaker Heights,,,Ohio,United States
Sugar Land,,,Texas,United States
Sunnyside Gardens,,New York,New York,United States
Twin Falls,,,Idaho,United States
Venice,,,Florida,United States
The Woodlands,,,Texas,United States
Arthurdale,,Preston County,West Virginia,United States
Audubon Park,,Camden County,New Jersey,United States
Boulder City,,,Nevada,United States
Greenbelt,,,Maryland,United States
Greendale,,,Wisconsin,United States
Greenhills,,,Ohio,United States
Henderson,,,Nevada,United States
Norris,,,Tennessee,United States
Roosevelt,,,New Jersey,United States
Winfield Township,,,New Jersey,United States
Los Alamos,,,New Mexico,United States
Oak Ridge,,,Tennessee,United States
Richland,,,Washington,United States
Babbitt,,,Minnesota,United States
California City,,,California,United States
Hoyt Lakes,,,Minnesota,United States
Joppatowne,,,Maryland,United States
Levittown,,,New York,United States
Levittown,,,Pennsylvania,United States
Park Forest,,,Illinois,United States
Rohnert Park,,,California,United States
Sharpstown,,Houston,Texas,United States
Silver Bay,,,Minnesota,United States
Willingboro,,,New Jersey,United States
Anaheim Hills,Under construction,Anaheim,California,United States
Arcosanti,Proposed,,Arizona,United States
Audubon New Community,,,New York,United States
Aventura,,,Florida,United States
Clear Lake City,,Houston,Texas,United States
Columbia,,,Maryland,United States
Cold Spring,,Baltimore,Maryland,United States
Coral Springs,,,Florida,United States
Coto de Caza,,,California,United States
Crofton,,,Maryland,United States
First Colony,,Sugar Land,Texas,United States
Foster City,,,California,United States
Hawaii Kai,,,Hawaii,United States
Irvine,,,California,United States
King City,,,Oregon,United States
Kingwood,,Houston,Texas,United States
La Vista,,,Nebraska,United States
Las Colinas,,Irving,Texas,United States
Laguna Niguel,,,California,United States
Mililani,Under construction,,Hawaii,United States
Mission Viejo,,,California,United States
Palm Coast,,,Florida,United States
Peachtree City,,,Georgia,United States
Peachtree Corners,,,Georgia,United States
Reston,,,Virginia,United States
Rio Rancho,,,New Mexico,United States
Sugar Creek,,Sugar Land,Texas,United States
Sunriver,,,Oregon,United States
Valley Ranch,,Irving,Texas,United States
Village of Cross Keys,,Baltimore,Maryland,United States
Woodhaven,,,Fort Worth,United States
Cedar-Riverside,,Minneapolis,Minnesota,United States
Flower Mound,,,Texas,United States
Gananda,,,New York,United States
Harbison,Didn't find at google,,South Carolina,United States
Jonathan,,,Minnesota,United States
Maumelle,,,Arkansas,United States
Newfields,,Dayton,Ohio,United States
Park Forest South,,,Illinois,United States
Radisson,,,New York,United States
Riverton,,,New York,United States
Roosevelt Island,,New York City,New York,United States
Shenandoah,,,Georgia,United States
Soul City,,Warren County,North Carolina,United States
St. Charles,,Charles County,Maryland,United States
San Antonio Ranch,,,Texas,United States
The Woodlands,,Houston,Texas,United States
Aliso Viejo,,,California,United States
Anthem,,,Arizona,United States
Carolina Forest,,,South Carolina,United States
Celebration,,,Florida,United States
Eagle Mountain,planned for 150 000 population,,Utah,United States
Greatwood,,Texas,Sugar Land,United States
Kapolei,,,Hawaii,United States
Laguna West,,,California,United States
New Territory,,Sugar Land,Texas,United States
Phillips Ranch,,,California,United States
Port Liberte,,,New Jersey,United States
Rancho Santa Margarita,,,California,United States
Seaside,,,Florida,United States
Southern Village,,,North Carolina,United States
Summerlin,in the Las Vegas Valley,,Nevada,United States
Suncadia,,,Washington,United States
Viera,,,Florida,United States
Westchase,,,Florida,United States
Weston,,,Florida,United States
Ave Maria,Under construction,,Florida,United States
Bayview-Hunters Point,,San Francisco,California,United States
Lakewood Ranch,,,Florida,United States
Nocatee,,,Florida,United States
Carlton Landing,,,Oklahoma,United States
Ciudad Guyana,,,,Venezuela
Al Noor City,Under construction,,,Yemen
Thu Dúc,,Ho Chi Mnh,,Vietnam